<appian-plugin name="Document Access Connected System" key="com.lcm.documentaccess.csp">

    <plugin-info>
        <description>LCM Connected System - Document Access. Connected system helps in access the Document to the Appian Server and returns base64</description>
        <vendor name="Lcm" url="https://www.lowcodeminds.com"/>
        <version>1.0.0</version>
        <application-version min="23.2"/>
    </plugin-info>

    <connected-system-template key="DocumentStorageConnectedSystem" name="DocumentStorageConnectedSystem"
                               class="com.lcm.documentaccess.templates.DocumentAccessCST">

        <client-api key="DocumentRetrieveClientApi" name="DocumentRetrieveClientApi"
                    class="com.lcm.documentaccess.templates.DocumentRetrieveClientApi" />

    </connected-system-template>
</appian-plugin>
