<?xml version="1.0"?>
<appian-component-plugin name="Document Validation And Reconcilation Field" key="validation.gui">
	<plugin-info>
		<description>Plug in To Validate And Reconcile The Contents of a Document</description>
		<vendor name="EXL" url="https://www.exlservice.com/" />
		<support supported="false" email="bimal.srivastava@exlservice.com" url="https://exlservice.com" />
		<version>1.0.0</version>
	</plugin-info>
	<component rule-name="documentValidationAndReconcilationFieldMilestones" version="1.0.0">
		<sdk-version>2.0.0</sdk-version>
		<supported-user-agents>chrome firefox edge safari mobile</supported-user-agents>
		<icon-file>icon.svg</icon-file>
		<html-entry-point>index.html</html-entry-point>
		<parameter>
			<name>appianDocId</name>
			<category>input-only</category>
			<type>Integer</type>
		</parameter>
		<parameter>
			<name>docAccessConnectedSystem</name>
			<category>input-only</category>
			<type>ConnectedSystem</type>
		</parameter>
		<parameter>
			<name>enableTestMode</name>
			<category>input-only</category>
			<type>Boolean</type>
		</parameter>
		<parameter>
			<name>masterValues</name>
			<category>input-only</category>
			<type>Variant</type>
		</parameter>
		
		<parameter>
			<name>formDetails</name>
			<category>input-only</category>
			<type>Variant</type>
		</parameter>
		<parameter>
			<name>config</name>
			<category>input-only</category>
			<type>Dictionary?list</type>
		</parameter>
		
		<parameter>
			<name>onChange</name>
			<category>event</category>
		</parameter>
		<parameter>
			<name>onSelect</name>
			<category>event</category>
		</parameter>
		<parameter>
			<name>onChangeLast</name>
			<category>event</category>
		</parameter>
		<parameter>
			<name>onSearch</name>
			<category>event</category>
		</parameter>
		<parameter>
			<name>onGridClick</name>
			<category>event</category>
		</parameter>
		<parameter>
			<name>onButtonClick</name>
			<category>event</category>
		</parameter>
		<parameter>
			<name>onTabChange</name>
			<category>event</category>
		</parameter>
	</component>
	
</appian-component-plugin>